{"cameraMode":{"drawMode":0,"name":"Shaded","section":"Shading Mode"},"sceneLighting":true,"audioPlay":false,"sceneViewState":{"showFog":true,"showMaterialUpdate":true,"showSkybox":true,"showFlares":true,"showImageEffects":true,"showParticleSystems":true},"in2DMode":false,"pivot":{"x":-9.569735527038575,"y":-1.8954914808273316,"z":2.268585443496704},"rotation":{"x":0.006624747067689896,"y":-0.7011308670043945,"z":0.006540961563587189,"w":0.7129985094070435},"size":10.0,"orthographic":false}